{
  "id": "59030aa0-5599-43e4-9d94-4ce448854878",
  "name": "FoodType",
  "isOverridable": true,
  "entries": [
    {
      "value": "chinese",
      "synonyms": [
        "chinese"
      ]
    },
    {
      "value": "pizza",
      "synonyms": [
        "pizza",
        "italian"
      ]
    },
    {
      "value": "tacos",
      "synonyms": [
        "tacos",
        "mexican",
        "tex-mex"
      ]
    },
    {
      "value": "thai",
      "synonyms": [
        "thai"
      ]
    },
    {
      "value": "burgers",
      "synonyms": [
        "burgers",
        "bar food",
        "american"
      ]
    }
  ],
  "isEnum": false,
  "automatedExpansion": false
}