{
  "id": "adfd62fd-a3d8-4f80-a62e-b03cdf98eb73",
  "name": "MealTime",
  "isOverridable": true,
  "entries": [
    {
      "value": "lunch",
      "synonyms": [
        "lunch",
        "noon",
        "afternoon"
      ]
    },
    {
      "value": "dinner",
      "synonyms": [
        "dinner",
        "supper",
        "tonight"
      ]
    },
    {
      "value": "breakfast",
      "synonyms": [
        "breakfast",
        "brunch",
        "morning"
      ]
    }
  ],
  "isEnum": false,
  "automatedExpansion": false
}