{
  "id": "68dbd458-b648-45b0-a932-722cbe1f661f",
  "name": "RichmondNeighborhoods",
  "isOverridable": true,
  "entries": [
    {
      "value": "Carytown",
      "synonyms": [
        "Carytown"
      ]
    },
    {
      "value": "Fan",
      "synonyms": [
        "Fan"
      ]
    },
    {
      "value": "Museum District",
      "synonyms": [
        "Museum District"
      ]
    },
    {
      "value": "West End",
      "synonyms": [
        "West End"
      ]
    },
    {
      "value": "Short Pump",
      "synonyms": [
        "Short Pump"
      ]
    },
    {
      "value": "Church Hill",
      "synonyms": [
        "Church Hill"
      ]
    },
    {
      "value": "Downtown",
      "synonyms": [
        "Downtown"
      ]
    }
  ],
  "isEnum": false,
  "automatedExpansion": false
}